Id,imageUrl
NOW-37440,http://d3lp4xedbqa8a5.cloudfront.net/s3/digital-cougar-assets/Now/2020/12/30/66342/Hero-Size-(2).png
NOW-37441,http://d3lp4xedbqa8a5.cloudfront.net/s3/digital-cougar-assets/Now/2020/12/23/66072/HERO-(9).jpg
NOW-37442,http://d3lp4xedbqa8a5.cloudfront.net/s3/digital-cougar-assets/Now/2020/12/31/66351/Hero-Size-(4).png
NOW-37446,http://d3lp4xedbqa8a5.cloudfront.net/s3/digital-cougar-assets/Now/2020/12/31/66350/1.jpg
NOW-37448,http://d3lp4xedbqa8a5.cloudfront.net/s3/digital-cougar-assets/Now/2021/01/04/66352/HERO-(9).jpg
NOW-37450,http://d3lp4xedbqa8a5.cloudfront.net/s3/digital-cougar-assets/Now/2021/01/04/66353/HERO-(9).jpg
NOW-37452,http://d3lp4xedbqa8a5.cloudfront.net/s3/digital-cougar-assets/Now/2021/01/11/66429/Hero-Size-(46).png
NOW-37456,http://d3lp4xedbqa8a5.cloudfront.net/s3/digital-cougar-assets/Now/2021/01/11/66426/Oly-Santi-BUMP.jpg
NOW-37457,http://d3lp4xedbqa8a5.cloudfront.net/s3/digital-cougar-assets/Now/2021/01/11/66430/HERO-(13).jpg
NOW-37458,http://d3lp4xedbqa8a5.cloudfront.net/s3/digital-cougar-assets/Now/2021/01/11/66424/Hero-Size-(42).png
